<?xml version="1.0" encoding="UTF-8"?>
<project>
    <version>1.3.0</version>
    <creator>Garry                                                                                                                                                                     5</creator>
    <name>Java Application Engine 1.3.0</name>
    <description>Java Application Engine/JAE this engine by Garry.</description>
    <AlphaStartedDate>2024-09-15</AlphaStartedDate>
    <dependencies>
        <dependency>
            <name>Java 21</name>
            <version>21.0.4</version>
        </dependency>
    </dependencies>
    <url>https://github.com/JogaMiguelGames/JavaApplicationEngine</url>
</project>